{
  "setting": {
    "compileHotReLoad": true,
    "urlCheck": false
  },
  "condition": {
    "miniprogram": {
      "list": [
        {
          "name": "db guide",
          "pathName": "pages/databaseGuide/databaseGuide",
          "query": ""
        },
        {
          "name": "pages/getOpenId/index",
          "pathName": "pages/getOpenId/index",
          "query": "",
          "scene": null
        },
        {
          "name": "pages/deployService/index",
          "pathName": "pages/deployService/index",
          "query": "",
          "scene": null
        },
        {
          "name": "pages/selectRecord/index",
          "pathName": "pages/selectRecord/index",
          "query": "",
          "scene": null
        },
        {
          "name": "pages/sumRecordResult/index",
          "pathName": "pages/sumRecordResult/index",
          "query": "",
          "scene": null
        },
        {
          "name": "pages/updateRecord/index",
          "pathName": "pages/updateRecord/index",
          "query": "",
          "scene": null
        },
        {
          "name": "pages/updateRecordResult/index",
          "pathName": "pages/updateRecordResult/index",
          "query": "",
          "scene": null
        },
        {
          "name": "pages/updateRecordSuccess/index",
          "pathName": "pages/updateRecordSuccess/index",
          "query": "",
          "scene": null
        },
        {
          "name": "pages/introduce_index/introduce_index",
          "pathName": "pages/introduce_index/introduce_index",
          "query": "",
          "scene": null
        },
        {
          "name": "",
          "pathName": "pages/result/result",
          "query": "",
          "launchMode": "default",
          "scene": null,
          "partialCompile": {
            "enabled": true,
            "pages": []
          }
        },
        {
          "name": "",
          "pathName": "pages/interview1/interview1",
          "query": "",
          "launchMode": "default",
          "scene": null,
          "partialCompile": {
            "enabled": true,
            "pages": []
          }
        },
        {
          "name": "",
          "pathName": "pages/userinfo/userinfo",
          "query": "",
          "launchMode": "default",
          "scene": null,
          "partialCompile": {
            "enabled": true,
            "pages": []
          }
        }
      ]
    }
  },
  "projectname": "HIC-miniprogram",
  "description": "项目私有配置文件。此文件中的内容将覆盖 project.config.json 中的相同字段。项目的改动优先同步到此文件中。详见文档：https://developers.weixin.qq.com/miniprogram/dev/devtools/projectconfig.html",
  "libVersion": "2.25.3"
}